{"loss": [6.999707221984863, 3.612865924835205, 2.7682034969329834, 2.2657463550567627, 2.0192973613739014, 1.738066554069519, 1.589547038078308, 1.5124608278274536, 1.3770225048065186, 1.3026882410049438, 1.2418102025985718, 1.09760582447052, 1.1453523635864258, 1.012062430381775, 1.0138823986053467, 0.9277382493019104, 0.9139398336410522, 0.8693658709526062, 0.8749870657920837, 0.7965452075004578, 0.7953493595123291, 0.8034558296203613, 0.8228777050971985, 0.7238142490386963, 0.659263551235199, 0.6884582042694092, 0.6245505809783936, 0.617071270942688, 0.665139377117157, 0.6644642949104309, 0.5678561329841614, 0.5490623116493225, 0.5730012059211731, 0.5143757462501526, 0.5941284894943237, 0.5831009745597839, 0.5184506177902222, 0.5713773965835571, 0.67066490650177, 0.5247801542282104, 0.5395585298538208, 0.5580127835273743, 0.5506153106689453, 0.48282310366630554, 0.541015088558197, 0.5127956867218018, 0.4626975655555725, 0.4733508825302124, 0.4547993540763855, 0.43928763270378113, 0.40443018078804016, 0.4276246130466461, 0.40325871109962463, 0.41435110569000244, 0.31573522090911865, 0.40865665674209595, 0.3807355463504791, 0.3604316711425781, 0.3896353840827942, 0.3775230646133423], "accuracy": [0.12491178512573242, 0.24770642817020416, 0.30980944633483887, 0.3895553946495056, 0.45236414670944214, 0.5059986114501953, 0.5497530102729797, 0.5575158596038818, 0.5906845331192017, 0.6196188926696777, 0.6414961218833923, 0.6661961674690247, 0.6591390371322632, 0.6845448017120361, 0.696541965007782, 0.717713475227356, 0.7282992005348206, 0.7367678284645081, 0.7268877625465393, 0.7607621550559998, 0.7445306777954102, 0.7529993057250977, 0.7452363967895508, 0.7812279462814331, 0.7946365475654602, 0.8052222728729248, 0.806633710861206, 0.817925214767456, 0.812279462814331, 0.7967537045478821, 0.8129851818084717, 0.8313338160514832, 0.8129851818084717, 0.8341566920280457, 0.812279462814331, 0.806633710861206, 0.8292166590690613, 0.8348624110221863, 0.8002822995185852, 0.8348624110221863, 0.8341566920280457, 0.8341566920280457, 0.8362737894058228, 0.8496824502944946, 0.8447424173355103, 0.8405081033706665, 0.8609738945960999, 0.8581510186195374, 0.8567395806312561, 0.8757939338684082, 0.8772053718566895, 0.8764996528625488, 0.8814396858215332, 0.8835567831993103, 0.8948482871055603, 0.8736767768859863, 0.8870853781700134, 0.8779110908508301, 0.8842625021934509, 0.8821454048156738], "val_loss": [2.9759342670440674, 2.6342129707336426, 2.5419259071350098, 2.247182846069336, 2.224914073944092, 1.9635604619979858, 1.6648198366165161, 1.4717645645141602, 1.2737571001052856, 1.1174006462097168, 1.0057858228683472, 1.010572910308838, 0.8942939639091492, 1.0704721212387085, 0.8886225819587708, 1.0881198644638062, 0.9769938588142395, 0.9403491616249084, 0.9076881408691406, 0.8515170216560364, 0.8274423480033875, 0.9065359830856323, 0.9982656240463257, 0.8403427600860596, 0.900795578956604, 0.7931298017501831, 0.8788333535194397, 0.766281247138977, 0.7912313342094421, 0.8493810892105103, 0.9170473217964172, 0.8703659176826477, 0.8775674104690552, 0.8070583939552307, 1.0079082250595093, 0.7941994071006775, 0.9085548520088196, 0.9174594879150391, 0.8274165987968445, 0.8571828603744507, 0.851535975933075, 0.8158794641494751, 0.9350709319114685, 0.805764377117157, 0.9299700856208801, 0.9177438616752625, 0.9461960792541504, 0.9980159401893616, 0.8703697323799133, 0.8336424827575684, 0.8465697765350342, 0.9115411639213562, 0.9797812104225159, 0.9129313230514526, 0.8224800229072571, 0.915047287940979, 0.9360539317131042, 1.1778032779693604, 0.9316437244415283, 0.8446106314659119], "val_accuracy": [0.12006578594446182, 0.46052631735801697, 0.5246710777282715, 0.53125, 0.5444079041481018, 0.6447368264198303, 0.6710526347160339, 0.6858552694320679, 0.6776315569877625, 0.7368420958518982, 0.7368420958518982, 0.7598684430122375, 0.7450658082962036, 0.7154605388641357, 0.7532894611358643, 0.7121710777282715, 0.7532894611358643, 0.7631579041481018, 0.7598684430122375, 0.78125, 0.7960526347160339, 0.7763158082962036, 0.7532894611358643, 0.7878289222717285, 0.7878289222717285, 0.8026315569877625, 0.7944079041481018, 0.8042762875556946, 0.8125, 0.7976973652839661, 0.7878289222717285, 0.8059210777282715, 0.7960526347160339, 0.8190789222717285, 0.7763158082962036, 0.8256579041481018, 0.7927631735801697, 0.7927631735801697, 0.8009868264198303, 0.8042762875556946, 0.8174341917037964, 0.8075658082962036, 0.7828947305679321, 0.8190789222717285, 0.7960526347160339, 0.78125, 0.8108552694320679, 0.7861841917037964, 0.8322368264198303, 0.8305920958518982, 0.8092105388641357, 0.8125, 0.7927631735801697, 0.8092105388641357, 0.8174341917037964, 0.8075658082962036, 0.8009868264198303, 0.7911184430122375, 0.8092105388641357, 0.8190789222717285]}